,Player,Team,Year Signed,Years,,Value,APY,Guaranteed,,APY as % Of Cap At Signing,,Inflated Value,Inflated APY,Inflated Guaranteed
0,Phil Dawson,Browns,2012,1,,3810000,3810000,3810000,,3.2%,,8820498,8820498,8820498
1,Sebastian Janikowski,Raiders,2010,4,,16000000,4000000,9000000,,3.1%,,34629457,8657364,19479070
2,Sebastian Janikowski,Raiders,2013,4,,15100000,3775000,8000000,,3.1%,,34275772,8568943,18159350
3,Stephen Gostkowski,Patriots,2015,4,,17200000,4300000,10100000,,3.0%,,33516471,8379118,19681184
4,Adam Vinatieri,Patriots,2005,1,,2509000,2509000,2509000,,2.9%,,8193132,8193132,8193132
5,Justin Tucker,Ravens,2022,4,,24000000,6000000,17500000,,2.9%,,32184438,8046110,23467819
6,Justin Tucker,Ravens,2016,4,,16800000,4200000,10800000,,2.7%,,30209055,7552264,19420107
7,Justin Tucker,Ravens,2019,4,,20000000,5000000,12500000,,2.7%,,29670563,7417641,18544102
8,Phil Dawson,Browns,2011,1,,3175000,3175000,3175000,,2.6%,,7364154,7364154,7364154
9,Stephen Gostkowski,Patriots,2010,5,,13600000,3400000,4000000,,2.6%,,29435039,7358760,8657364
10,Sebastian Janikowski,Raiders,2004,5,,10500000,2100000,2800000,,2.6%,,36380333,7276067,9701422
11,Mason Crosby,Packers,2016,4,,16100000,4025000,5000000,,2.6%,,28950345,7237586,8990790
12,Adam Vinatieri,Colts,2011,3,,9200000,3066667,3600000,,2.5%,,21338650,7112884,8349907
13,Robbie Gould,49ers,2019,4,,19000000,4750000,10500000,,2.5%,,28187035,7046759,15577046
14,Daniel Carlson,Raiders,2021,4,,18400000,4600000,11140001,,2.5%,,28149479,7037370,17042676
15,Adam Vinatieri,Patriots,2002,3,,5375000,1791667,5375000,,2.5%,,21106595,7035533,21106595
16,Harrison Butker,Chiefs,2024,4,,25600000,6400000,17750000,,2.5%,,27985591,6996398,19404072
17,Matt Gay,Colts,2023,4,,22500000,5625000,13000000,,2.5%,,27944840,6986210,16145907
18,Jason Hanson,Lions,2004,4,,8000000,2000000,2150000,,2.5%,,27718349,6929587,7449306
19,Graham Gano,Giants,2023,3,,16500000,5500000,13250000,,2.4%,,20492883,6830961,16456406
20,Dan Bailey,Cowboys,2014,7,,22500000,3214286,7500000,,2.4%,,47233083,6747584,15744361
21,Jason Sanders,Dolphins,2021,5,,22000000,4400000,10000000,,2.4%,,33656986,6731397,15298630
22,Chris Boswell,Steelers,2022,4,,20000000,5000000,12500000,,2.4%,,26820365,6705091,16762728
23,Jason Elam,Broncos,2003,5,,9000000,1800000,2675000,,2.4%,,33500873,6700175,9957204
24,Graham Gano,Panthers,2018,4,,17000000,4250000,9000000,,2.4%,,26785553,6696388,14180587
25,Chris Boswell,Steelers,2018,4,,16806000,4201500,7295000,,2.4%,,26479883,6619971,11494153
26,Shaun Suisham,Steelers,2014,4,,12575000,3143750,2850000,,2.4%,,26398045,6599511,5982857
27,Graham Gano,Giants,2020,3,,14000000,4666667,9500000,,2.4%,,19721493,6573832,13382442
28,Adam Vinatieri,Colts,2006,5,,12000000,2400000,3500000,,2.4%,,32847059,6569412,9580392
29,Jake Elliott,Eagles,2024,4,,24000000,6000000,14150000,,2.3%,,26236492,6559123,15468598
30,Jason Myers,Seahawks,2023,4,,21100000,5275000,12300000,,2.3%,,26206050,6551512,15276512
31,Graham Gano,Panthers,2014,4,,12400000,3100000,3950000,,2.3%,,26030677,6507669,8292030
32,Younghoe Koo,Falcons,2022,5,,24250000,4850000,11500000,,2.3%,,32519693,6503939,15421710
33,Phil Dawson,49ers,2014,2,,6134000,3067000,3500000,,2.3%,,12876788,6438394,7347368
34,Ryan Succop,Chiefs,2011,5,,13750000,2750000,4000000,,2.3%,,31892004,6378401,9277674
35,Matt Prater,Lions,2017,3,,11400000,3800000,5000000,,2.3%,,19059162,6353054,8359281
36,Tyler Bass,Bills,2023,4,,20400000,5100000,12320000,,2.3%,,25336655,6334164,15301352
37,Blair Walsh,Vikings,2015,4,,13000000,3250000,5250000,,2.3%,,25332217,6333054,10230318
38,Stephen Gostkowski,Patriots,2019,2,,8500000,4250000,5500000,,2.3%,,12609989,6304995,8159405
39,Ryan Succop,Titans,2018,5,,20000000,4000000,7500000,,2.3%,,31512415,6302483,11817156
40,Brandon McManus,Broncos,2017,3,,11254000,3751333,8250000,,2.2%,,18815071,6271690,13792814
41,Ka'imi Fairbairn,Texans,2020,4,,17650000,4412500,9000000,,2.2%,,24863169,6215792,12678103
42,Matt Bryant,Falcons,2011,4,,10700000,2675000,3500000,,2.2%,,24817778,6204444,8117965
43,Mike Nugent,Bengals,2012,1,,2654000,2654000,2654000,,2.2%,,6144252,6144252,6144252
44,Ryan Succop,Buccaneers,2021,3,,12000000,4000000,6250000,,2.2%,,18358356,6119452,9561644
45,Brandon McManus,Broncos,2020,4,,17200000,4300000,9500000,,2.2%,,24229263,6057316,13382442
46,Mason Crosby,Packers,2020,3,,12900000,4300000,5200000,,2.2%,,18171948,6057316,7325126
47,Harrison Butker,Chiefs,2019,5,,20275000,4055000,9100000,,2.2%,,30078533,6015707,13500106
48,Jason Hanson,Lions,2009,4,,10600000,2650000,2700000,,2.2%,,24061138,6015285,6128780
49,Cameron Dicker,Chargers,2024,4,,22004000,5501000,12500000,,2.2%,,24054490,6013623,13664839
50,Evan McPherson,Bengals,2024,3,,16500000,5500000,5000000,,2.2%,,18037588,6012529,5465936
51,Wil Lutz,Saints,2019,5,,20250000,4050000,9200000,,2.2%,,30041445,6008289,13648459
52,Jake Elliott,Eagles,2019,5,,20150000,4030000,10455000,,2.1%,,29893092,5978618,15510287
53,Cody Parkey,Bears,2018,4,,15000000,3750000,9000000,,2.1%,,23634312,5908578,14180587
54,Matt Prater,Lions,2015,3,,900000,3000000,750000,,2.1%,,1753769,5845896,1461474
55,Dustin Hopkins,Browns,2024,3,,15900000,5300000,8362500,,2.1%,,17381676,5793892,9141778
56,Ka'imi Fairbairn,Texans,2024,3,,15900000,5300000,11060000,,2.1%,,17381676,5793892,12090650
57,Jason Elam,Broncos,2002,1,,1465402,1465402,1465402,,2.1%,,5754353,5754353,5754353
58,Stephen Hauschka,Bills,2019,2,,7750000,3875000,6275000,,2.1%,,11497343,5748672,9309139
59,Adam Vinatieri,Colts,2019,1,,3875000,3875000,2000000,,2.1%,,5748672,5748672,2967056
60,Jason Myers,Seahawks,2019,4,,15450000,3862500,7000000,,2.1%,,22920510,5730128,10384697
61,Adam Vinatieri,Colts,2018,1,,3625000,3625000,2000000,,2.0%,,5711625,5711625,3151242
62,Jason Hanson,Lions,1995,5,,3750000,750000,1250000,,2.0%,,28221024,5644205,9407008
63,Phil Dawson,49ers,2016,1,,3134000,3134000,1000000,,2.0%,,5635427,5635427,1798158
64,Josh Lambo,Jaguars,2019,4,,15500000,3785000,6500000,,2.0%,,22994687,5615154,9642933
65,Jason Hanson,Lions,1999,4,,4600000,1150000,1200000,,2.0%,,22418657,5604664,5848345
66,Jason Elam,Broncos,1996,6,,4870000,811667,1620000,,2.0%,,33364513,5560754,11098668
67,Matt Bryant,Falcons,2015,3,,8500000,2833333,1000000,,2.0%,,16563372,5521123,1948632
68,Matt Bryant,Falcons,2018,3,,10500000,3500000,2000000,,2.0%,,16544018,5514673,3151242
69,Mike Nugent,Buccaneers,2009,1,,2400000,2400000,600000,,2.0%,,5447805,5447805,1361951
70,Sebastian Janikowski,Raiders,2000,5,,6055000,1211000,2000000,,1.9%,,27191598,5438320,8981535
71,Jason Elam,Falcons,2008,4,,9000000,2250000,2500000,,1.9%,,21662069,5415517,6017241
72,Adam Vinatieri,Colts,2016,2,,6000000,3000000,1000000,,1.9%,,10788948,5394474,1798158
73,Phil Dawson,49ers,2013,1,,2350000,2350000,1000000,,1.9%,,5334309,5334309,2269919
74,Adam Vinatieri,Colts,2014,2,,5000000,2500000,500000,,1.9%,,10496241,5248120,1049624
75,Dan Carpenter,Bills,2014,4,,9950000,2487500,2150000,,1.9%,,20887519,5221880,4513383
76,Daniel Carlson,Raiders,2021,1,,3384000,3384000,0,,1.9%,,5177056,5177056,0
77,Chandler Catanzaro,Buccaneers,2018,3,,9750000,3250000,3750000,,1.8%,,15362302,5120767,5908578
78,Robbie Gould,49ers,2020,2,,7250000,3625000,7250000,,1.8%,,10212916,5106458,10212916
79,Brandon McManus,Packers,2025,3,,15300000,5100000,5000000,,1.8%,,15300000,5100000,5000000
80,Phil Dawson,Cardinals,2017,2,,6000000,3000000,1500000,,1.8%,,10031138,5015569,2507784
81,Sebastian Janikowski,Raiders,2017,1,,3000000,3000000,3000000,,1.8%,,5015569,5015569,5015569
82,Matt Prater,Cardinals,2021,2,,6500000,3250000,3775000,,1.8%,,9944110,4972055,5775233
83,Stephen Hauschka,Bills,2017,3,,8850000,2950000,4000000,,1.8%,,14795928,4931976,6687425
84,Cairo Santos,Bears,2023,4,,15600000,3900000,9583333,,1.7%,,19375089,4843772,11902431
85,Dan Bailey,Vikings,2020,3,,10000000,3333333,6000000,,1.7%,,14086781,4695593,8452069
86,Ryan Succop,Titans,2015,3,,7200000,2400000,2750000,,1.7%,,14030151,4676717,5358738
87,Matt Prater,Cardinals,2023,2,,7500000,3750000,4000000,,1.7%,,9314947,4657473,4967972
88,Ka'imi Fairbairn,Texans,2019,1,,3095000,3095000,0,,1.6%,,4591520,4591520,0
89,Greg Zuerlein,Jets,2024,2,,8400000,4200000,4200000,,1.6%,,9182772,4591386,4591386
90,Wil Lutz,Broncos,2024,2,,8400000,4200000,4510000,,1.6%,,9182772,4591386,4930274
91,Chris Boswell,Steelers,2018,1,,2914000,2914000,0,,1.6%,,4591359,4591359,0
92,Justin Tucker,Ravens,2015,1,,2356000,2356000,0,,1.6%,,4590977,4590977,0
93,Brandon McManus,Broncos,2017,1,,2746000,2746000,0,,1.6%,,4590917,4590917,0
94,Aldrick Rosas,Giants,2020,1,,3259000,3259000,0,,1.6%,,4590882,4590882,0
95,Zane Gonzalez,Cardinals,2020,1,,3259000,3259000,0,,1.6%,,4590882,4590882,0
96,Cairo Santos,Bears,2021,3,,9000000,3000000,4575000,,1.6%,,13768767,4589589,6999123
97,Phil Dawson,Browns,2005,5,,7000000,1400000,1600000,,1.6%,,22858480,4571696,5224795
98,Chase McLaughlin,Buccaneers,2024,3,,12300000,4100000,6500000,,1.6%,,13446202,4482067,7105717
99,Nick Folk,Titans,2024,1,,3755000,3755000,3500000,,1.5%,,4104918,4104918,3826155
100,Adam Vinatieri,Patriots,1999,3,,2500000,833333,900000,,1.5%,,12184053,4061349,4386259
101,Dustin Hopkins,CLE/LAC,2022,3,,9000000,3000000,4650000,,1.4%,,12069164,4023055,6235735
102,Dustin Hopkins,Commanders,2018,3,,7575000,2525000,1201072,,1.4%,,11935327,3978442,1892434
103,Brandon McManus,Commanders,2024,1,,3600000,3600000,1500000,,1.4%,,3935474,3935474,1639781
104,Stephen Gostkowski,Titans,2020,1,,2750000,2750000,500000,,1.4%,,3873865,3873865,704339
105,Matt Bryant,Buccaneers,2006,5,,6900000,1380000,1500000,,1.4%,,18887059,3777412,4105882
106,Dustin Hopkins,Commanders,2021,1,,2462500,2462500,1887500,,1.3%,,3767288,3767288,2887616
107,Greg Zuerlein,Rams,2017,3,,6750000,2250000,2375000,,1.3%,,11285030,3761677,3970659
108,Matt Bryant,Falcons,2019,1,,2500000,2500000,0,,1.3%,,3708820,3708820,0
109,Josh Brown,Giants,2016,2,,4000000,2000000,1000000,,1.3%,,7192632,3596316,1798158
110,Caleb Sturgis,Chargers,2018,2,,4450000,2275000,1000000,,1.3%,,7011512,3584537,1575621
111,Greg Zuerlein,Cowboys,2020,3,,7500000,2500000,2250000,,1.3%,,10565086,3521695,3169526
112,Chandler Catanzaro,Jets,2019,1,,2300000,2300000,600000,,1.2%,,3412115,3412115,890117
113,Mike Nugent,Bengals,2015,2,,3500000,1750000,600000,,1.2%,,6820212,3410106,1169179
114,Matt Gay,Rams,2022,1,,2540000,2540000,0,,1.2%,,3406186,3406186,0
115,Mike Nugent,Bengals,2013,2,,3000000,1500000,500000,,1.2%,,6809756,3404878,1134959
116,Nick Folk,TEN/NE,2022,2,,5000000,2500000,2190000,,1.2%,,6705091,3352546,2936830
117,Robbie Gould,49ers,2017,2,,4000000,2000000,1000000,,1.2%,,6687425,3343713,1671856
118,Randy Bullock,Bengals,2018,2,,4205000,2102500,750000,,1.2%,,6625485,3312743,1181716
119,Greg Joseph,Vikings,2022,1,,2433000,2433000,0,,1.2%,,3262697,3262697,0
120,Greg Zuerlein,Jets,2023,1,,2600000,2600000,1750000,,1.2%,,3229181,3229181,2173488
121,Sebastian Janikowski,Seahawks,2018,1,,2015000,2015000,600000,,1.1%,,3174876,3174876,945372
122,Graham Gano,Giants,2020,1,,2250000,2250000,1000000,,1.1%,,3169526,3169526,1408678
123,Cairo Santos,Jets,2018,1,,2000000,2000000,500000,,1.1%,,3151242,3151242,787810
124,Randy Bullock,Titans,2022,2,,4680000,2340000,2320000,,1.1%,,6275965,3137983,3111162
125,Phil Dawson,Browns,2002,4,,3130000,782500,800000,,1.1%,,12290910,3072728,3141447
126,Zane Gonzalez,CAR/SF,2022,2,,4500000,2250000,2000000,,1.1%,,6034582,3017291,2682037
127,Cairo Santos,Chiefs,2017,1,,1797000,1797000,0,,1.1%,,3004326,3004326,0
128,Nick Folk,Buccaneers,2017,1,,1750000,1750000,750000,,1.0%,,2925749,2925749,1253892
129,Joey Slye,Commanders,2022,2,,4200000,2100000,2000000,,1.0%,,5632277,2816138,2682037
130,Dan Bailey,Vikings,2018,1,,1750000,1750000,1750000,,1.0%,,2757336,2757336,2757336
131,Wil Lutz,DEN/NO,2023,1,,2200000,2200000,500000,,1.0%,,2732384,2732384,620996
132,Greg Zuerlein,Jets,2022,1,,2000000,2000000,1000000,,1.0%,,2682037,2682037,1341018
133,Randy Bullock,Lions,2021,1,,1750000,1750000,750000,,1.0%,,2677260,2677260,1147397
134,Eddy Pineiro,Panthers,2023,2,,4100000,2050000,2250000,,0.9%,,5092171,2546085,2794484
135,Greg Joseph,Vikings,2023,1,,2000000,2000000,1700000,,0.9%,,2483986,2483986,2111388
136,Brandon McManus,Jaguars,2023,1,,2000000,2000000,1250000,,0.9%,,2483986,2483986,1552491
137,Mike Nugent,Jets,2005,4,,3010000,752500,1625000,,0.9%,,9829146,2457287,5306433
138,Eddy Pineiro,Jets,2022,1,,1750000,1750000,700000,,0.8%,,2346782,2346782,938713
139,Nick Folk,Patriots,2021,1,,1500000,1500000,25000,,0.8%,,2294795,2294795,38247
140,Blake Gillikin,Cardinals,2024,2,,3700000,1850000,1200000,,0.7%,,4044792,2022396,1311825
141,Nick Novak,Texans,2017,1,,1150000,1150000,250000,,0.7%,,1922635,1922635,417964
142,Billy Cundiff,Bills,2015,1,,970000,970000,0,,0.7%,,1890173,1890173,0
143,Nick Folk,Patriots,2021,1,,1625000,1225000,1225000,,0.7%,,2486027,1874082,1874082
144,Cody Parkey,Browns,2021,1,,1212500,1212500,200000,,0.7%,,1854959,1854959,305973
145,Blair Walsh,Seahawks,2017,1,,1100000,1100000,0,,0.7%,,1839042,1839042,0
146,Roberto Aguayo,CHI/TB,2016,4,,4052568,1013142,2025320,,0.7%,,7287158,1821789,3641845
147,Josh Scobee,Saints,2016,1,,985000,985000,0,,0.6%,,1771186,1771186,0
148,Shayne Graham,Falcons,2016,1,,985000,985000,0,,0.6%,,1771186,1771186,0
149,Aldrick Rosas,Jaguars,2021,1,,1127500,1127500,0,,0.6%,,1724921,1724921,0
150,Matt Bryant,Falcons,2009,2,,1500000,750000,0,,0.6%,,3404878,1702439,0
151,Garrett Hartley,Steelers,2015,1,,870000,870000,0,,0.6%,,1695310,1695310,0
152,Michael Badgley,Chargers,2021,1,,1100000,1100000,0,,0.6%,,1682849,1682849,0
153,Kai Forbath,Cowboys,2020,1,,1187500,1187500,137500,,0.6%,,1672805,1672805,193693
154,Mike Nugent,CHI/NYG/DAL,2017,1,,1000000,1000000,0,,0.6%,,1671856,1671856,0
155,Jake Moody,49ers,2023,4,,5304082,1326021,857512,,0.6%,,6587632,1646909,1065024
156,Cody Parkey,Saints,2021,1,,1075000,1075000,0,,0.6%,,1644603,1644603,0
157,Randy Bullock,Titans,2021,1,,1075000,1075000,0,,0.6%,,1644603,1644603,0
158,Dustin Hopkins,Chargers,2021,1,,1075000,1075000,0,,0.6%,,1644603,1644603,0
159,Connor Barth,Bears,2017,1,,980000,980000,155000,,0.6%,,1638419,1638419,259138
160,Caleb Sturgis,Eagles,2016,1,,900000,900000,250000,,0.6%,,1618342,1618342,449540
161,Phil Dawson,Browns,2001,1,,389000,389000,0,,0.6%,,1611287,1611287,0
162,Mike Nugent,Raiders,2018,1,,1015000,1015000,0,,0.6%,,1599255,1599255,0
163,Kai Forbath,Vikings,2018,1,,1000000,1000000,200000,,0.6%,,1575621,1575621,315124
164,Ryan Succop,Titans,2014,1,,745000,745000,0,,0.6%,,1563940,1563940,0
165,Brett Maher,Broncos,2023,1,,1232500,1232500,52000,,0.5%,,1530756,1530756,64584
166,Michael Badgley,Lions,2023,1,,1232500,1232500,350000,,0.5%,,1530756,1530756,434698
167,Nick Folk,Patriots,2019,1,,1030000,1030000,0,,0.5%,,1528034,1528034,0
168,Mike Nugent,Patriots,2019,1,,1030000,1030000,0,,0.5%,,1528034,1528034,0
169,Nick Folk,Patriots,2019,1,,1030000,1030000,0,,0.5%,,1528034,1528034,0
170,Phil Dawson,Browns,2019,1,,1030000,1030000,0,,0.5%,,1528034,1528034,0
171,Zane Gonzalez,Lions,2021,1,,990000,990000,0,,0.5%,,1514564,1514564,0
172,Aldrick Rosas,Saints,2021,1,,990000,990000,0,,0.5%,,1514564,1514564,0
173,Zane Gonzalez,Panthers,2021,1,,990000,990000,0,,0.5%,,1514564,1514564,0
174,Aldrick Rosas,Saints,2021,1,,990000,990000,0,,0.5%,,1514564,1514564,0
175,Chandler Catanzaro,Jets,2017,1,,900000,900000,250000,,0.5%,,1504671,1504671,417964
176,Nick Novak,Chargers,2017,1,,900000,900000,0,,0.5%,,1504671,1504671,0
177,Josh Lambo,Titans,2022,1,,1120000,1120000,0,,0.5%,,1501940,1501940,0
178,Matt Bryant,Buccaneers,2005,1,,455000,455000,0,,0.5%,,1485801,1485801,0
179,Dan Bailey,Vikings,2019,1,,1000000,1000000,250000,,0.5%,,1483528,1483528,370882
180,Cairo Santos,Buccaneers,2019,1,,1000000,1000000,195000,,0.5%,,1483528,1483528,289288
181,Kai Forbath,Rams,2020,1,,1050000,1050000,0,,0.5%,,1479112,1479112,0
182,Nick Folk,Patriots,2020,1,,1050000,1050000,0,,0.5%,,1479112,1479112,0
183,Mike Nugent,Cardinals,2020,1,,1050000,1050000,0,,0.5%,,1479112,1479112,0
184,Ryan Succop,Buccaneers,2020,1,,1050000,1050000,0,,0.5%,,1479112,1479112,0
185,Cade York,Browns,2022,4,,4389640,1097410,729640,,0.5%,,5886587,1471647,978461
186,Evan McPherson,Bengals,2021,4,,3823716,955929,343716,,0.5%,,5849762,1462440,525838
187,Randy Bullock,Giants,2023,1,,1165000,1165000,0,,0.5%,,1446922,1446922,0
188,Chad Ryland,Patriots,2023,4,,4626748,1156687,786748,,0.5%,,5746388,1436597,977135
189,Alex Henery,Eagles,2011,4,,2490115,615027,420108,,0.5%,,5775619,1426505,974406
190,Greg Joseph,Packers,2024,1,,1292500,1292500,0,,0.5%,,1412944,1412944,0
191,Michael Badgley,Lions,2024,1,,1292500,1292500,425000,,0.5%,,1412944,1412944,464605
192,Joey Slye,Jaguars,2024,1,,1292500,1292500,25000,,0.5%,,1412944,1412944,27330
193,Michael Badgley,Titans,2021,1,,920000,920000,0,,0.5%,,1407474,1407474,0
194,Younghoe Koo,Falcons,2021,1,,920000,920000,0,,0.5%,,1407474,1407474,0
195,Michael Badgley,Colts,2021,1,,920000,920000,0,,0.5%,,1407474,1407474,0
196,Mike Nugent,Cardinals,2009,1,,620000,620000,0,,0.5%,,1407350,1407350,0
197,Chase McLaughlin,Buccaneers,2023,1,,1130000,1130000,100000,,0.5%,,1403452,1403452,124199
198,Stephen Gostkowski,Patriots,2006,4,,2035000,508750,425000,,0.5%,,5570314,1392578,1163333
199,Aldrick Rosas,Lions,2022,1,,1035000,1035000,0,,0.5%,,1387954,1387954,0
200,Michael Badgley,Lions,2022,1,,1035000,1035000,0,,0.5%,,1387954,1387954,0
201,Joey Slye,Patriots,2024,1,,1267500,1267500,0,,0.5%,,1385615,1385615,0
202,Kai Forbath,Vikings,2016,2,,1535000,767500,0,,0.5%,,2760173,1380086,0
203,Kai Forbath,Cowboys,2019,1,,930000,930000,0,,0.5%,,1379681,1379681,0
204,Mike Nugent,Bengals,2010,2,,1270000,635000,0,,0.5%,,2748713,1374357,0
205,Kai Forbath,Jaguars,2018,2,,1720000,860000,0,,0.5%,,2710068,1355034,0
206,Alex Henery,Lions,2014,1,,645000,645000,0,,0.5%,,1354015,1354015,0
207,Brett Maher,Rams,2023,1,,1080000,1080000,0,,0.5%,,1341352,1341352,0
208,Brett Maher,Rams,2023,1,,1080000,1080000,120000,,0.5%,,1341352,1341352,149039
209,Michael Badgley,TEN/DET/WAS,2023,1,,1080000,1080000,0,,0.5%,,1341352,1341352,0
210,Brandon McManus,Packers,2024,1,,1210000,1210000,0,,0.5%,,1322756,1322756,0
211,Randy Bullock,Texans,2012,4,,2278108,569527,178108,,0.5%,,5274028,1318507,412336
212,Greg Zuerlein,Rams,2012,4,,2275473,568868,128820,,0.5%,,5267928,1316981,298230
213,Matt Bryant,IND/DAL/MIA,2004,1,,380000,380000,0,,0.5%,,1316622,1316622,0
214,Randy Bullock,Bengals,2017,2,,1565000,782500,0,,0.5%,,2616455,1308228,0
215,Caleb Sturgis,Dolphins,2013,4,,2304560,576140,144560,,0.5%,,5231164,1307791,328139
216,Brett Maher,Saints,2021,1,,850000,850000,0,,0.5%,,1300384,1300384,0
217,Sam Ficken,Titans,2021,1,,850000,850000,0,,0.5%,,1300384,1300384,0
218,Joey Slye,Panthers,2021,1,,850000,850000,0,,0.5%,,1300384,1300384,0
219,Brett Maher,Cardinals,2021,1,,850000,850000,0,,0.5%,,1300384,1300384,0
220,Sam Ficken,Jets,2021,1,,850000,850000,0,,0.5%,,1300384,1300384,0
221,Joey Slye,HOU/SF,2021,1,,850000,850000,0,,0.5%,,1300384,1300384,0
222,Brett Maher,Saints,2021,1,,850000,850000,0,,0.5%,,1300384,1300384,0
223,Joey Slye,Commanders,2021,1,,850000,850000,0,,0.5%,,1300384,1300384,0
224,Brett Maher,Cowboys,2022,1,,965000,965000,0,,0.5%,,1294083,1294083,0
225,Chase McLaughlin,CLE/IND,2022,1,,965000,965000,0,,0.5%,,1294083,1294083,0
226,John Potter,Lions,2014,2,,1230000,615000,0,,0.5%,,2582075,1291038,0
227,Dustin Hopkins,Bills,2013,4,,2272000,568000,112000,,0.5%,,5157255,1289314,254231
228,Blair Walsh,Vikings,2012,4,,2217932,554483,117932,,0.5%,,5134715,1283679,273023
229,Stephen Hauschka,Jaguars,2020,1,,910000,910000,0,,0.5%,,1281897,1281897,0
230,Cody Parkey,Browns,2020,1,,910000,910000,0,,0.5%,,1281897,1281897,0
231,Cairo Santos,Bears,2020,1,,910000,910000,0,,0.5%,,1281897,1281897,0
232,Chandler Catanzaro,Giants,2020,1,,910000,910000,0,,0.5%,,1281897,1281897,0
233,Cairo Santos,Bears,2020,1,,910000,910000,0,,0.5%,,1281897,1281897,0
234,Matt McCrane,Browns,2021,2,,1675000,837500,0,,0.5%,,2562521,1281260,0
235,Matthew Wright,Jaguars,2021,2,,1675000,837500,0,,0.5%,,2562521,1281260,0
236,Matthew Wright,Steelers,2022,2,,1905000,952500,0,,0.5%,,2554640,1277320,0
237,Rodrigo Blankenship,Cardinals,2022,2,,1905000,952500,0,,0.5%,,2554640,1277320,0
238,Justin Rohrwasser,Patriots,2020,4,,3610396,902599,315396,,0.5%,,5085886,1271471,444291
239,Adam Vinatieri,Patriots,1998,1,,238000,238000,0,,0.5%,,1268413,1268413,0
240,Spencer Shrader,Colts,2025,2,,2510000,1255000,750000,,0.4%,,2510000,1255000,750000
241,Matthew Wright,Panthers,2023,1,,1010000,1010000,0,,0.4%,,1254413,1254413,0
242,Rodrigo Blankenship,Buccaneers,2023,1,,1010000,1010000,0,,0.4%,,1254413,1254413,0
243,Cairo Santos,Buccaneers,2018,1,,790000,790000,0,,0.4%,,1244740,1244740,0
244,Chandler Catanzaro,Panthers,2018,1,,790000,790000,0,,0.4%,,1244740,1244740,0
245,Cairo Santos,Rams,2018,1,,790000,790000,0,,0.4%,,1244740,1244740,0
246,John Potter,Bills,2012,4,,2145896,536474,45896,,0.4%,,4967945,1241986,106253
247,Alex Kessman,Chargers,2021,3,,2435000,811667,10000,,0.4%,,3725216,1241739,15299
248,Chris Naggar,Jets,2021,3,,2434000,811333,28000,,0.4%,,3723687,1241228,42836
249,Anders Carlson,Packers,2023,4,,3996776,999194,156776,,0.4%,,4963967,1240992,194715
250,Blake Haubeil,Titans,2021,3,,2430000,810000,10000,,0.4%,,3717567,1239189,15299
251,Riley Patterson,Vikings,2021,3,,2430000,810000,20000,,0.4%,,3717567,1239189,30597
252,Tristan Vizcaino,Cowboys,2023,2,,1995000,997500,0,,0.4%,,2477776,1238888,0
253,Jose Borregales,Buccaneers,2021,3,,2427500,809167,2500,,0.4%,,3713742,1237915,3825
254,J.J. Molson,Packers,2021,3,,2425000,808333,0,,0.4%,,3709918,1236639,0
255,Matt Ammendola,Panthers,2021,3,,2425000,808333,0,,0.4%,,3709918,1236639,0
256,Jake Verity,Ravens,2021,3,,2425000,808333,0,,0.4%,,3709918,1236639,0
257,Brian Johnson,Bears,2021,3,,2425000,808333,0,,0.4%,,3709918,1236639,0
258,Quinn Nordin,Patriots,2021,3,,2425000,808333,0,,0.4%,,3709918,1236639,0
259,Austin Seibert,Jets,2024,1,,1125000,1125000,0,,0.4%,,1229836,1229836,0
260,Zane Gonzalez,Commanders,2024,1,,1125000,1125000,0,,0.4%,,1229836,1229836,0
261,Greg Joseph,Jets,2024,1,,1125000,1125000,0,,0.4%,,1229836,1229836,0
262,Austin Seibert,Commanders,2024,1,,1125000,1125000,0,,0.4%,,1229836,1229836,0
263,Greg Joseph,Giants,2024,1,,1125000,1125000,0,,0.4%,,1229836,1229836,0
264,Caleb Sturgis,Eagles,2015,2,,1260000,630000,0,,0.4%,,2455276,1227638,0
265,Tyler Bass,Bills,2020,4,,3479224,869806,184224,,0.4%,,4901107,1225277,259512
266,Randy Bullock,NYG/CIN/PIT,2016,1,,675000,675000,0,,0.4%,,1213757,1213757,0
267,Riley Patterson,JAX/WAS,2024,1,,1100000,1100000,0,,0.4%,,1202506,1202506,0
268,Eddy Pineiro,Panthers,2022,1,,895000,895000,0,,0.4%,,1200211,1200211,0
269,Ryan Santoso,Giants,2022,1,,895000,895000,0,,0.4%,,1200211,1200211,0
270,Zach Hocker,Commanders,2014,4,,2280248,570062,60248,,0.4%,,4786806,1196702,126476
271,John Potter,Dolphins,2014,1,,570000,570000,0,,0.4%,,1196571,1196571,0
272,Nate Freese,Lions,2014,4,,2279424,569856,59424,,0.4%,,4785077,1196269,124746
273,Cody Parkey,Titans,2019,1,,805000,805000,0,,0.4%,,1194240,1194240,0
274,Kai Forbath,Patriots,2019,1,,805000,805000,0,,0.4%,,1194240,1194240,0
275,Cairo Santos,Titans,2019,1,,805000,805000,0,,0.4%,,1194240,1194240,0
276,Blair Walsh,Falcons,2019,1,,805000,805000,0,,0.4%,,1194240,1194240,0
277,Phil Dawson,Browns,1999,2,,490000,245000,40000,,0.4%,,2388074,1194037,194945
278,Roberto Aguayo,Patriots,2021,1,,780000,780000,0,,0.4%,,1193293,1193293,0
279,Matthew Wright,Lions,2021,1,,780000,780000,0,,0.4%,,1193293,1193293,0
280,Eddy Pineiro,Colts,2021,1,,780000,780000,45000,,0.4%,,1193293,1193293,68844
281,Greg Joseph,Vikings,2021,1,,780000,780000,0,,0.4%,,1193293,1193293,0
282,Eddy Pineiro,Jets,2021,1,,780000,780000,0,,0.4%,,1193293,1193293,0
283,Sam Sloman,Steelers,2021,1,,780000,780000,0,,0.4%,,1193293,1193293,0
284,John Potter,Commanders,2013,2,,1050000,525000,0,,0.4%,,2383415,1191707,0
285,Sam Sloman,Rams,2020,4,,3370492,842623,75492,,0.4%,,4747938,1186985,106344
286,Matt Bryant,Giants,2002,3,,905000,301667,0,,0.4%,,3553762,1184588,0
287,Lirim Hajrullahu,Cowboys,2022,2,,1765000,882500,0,,0.4%,,2366897,1183449,0
288,Matt Ammendola,Jets,2022,2,,1765000,882500,0,,0.4%,,2366897,1183449,0
289,Matthew Wright,Panthers,2025,1,,1170000,1170000,0,,0.4%,,1170000,1170000,0
290,Zane Gonzalez,Commanders,2025,1,,1170000,1170000,0,,0.4%,,1170000,1170000,0
291,Dustin Hopkins,WAS/NO,2015,3,,1800000,600000,0,,0.4%,,3507538,1169179,0
292,Riley Patterson,Lions,2023,1,,940000,940000,0,,0.4%,,1167473,1167473,0
293,Matt Ammendola,Texans,2023,1,,940000,940000,0,,0.4%,,1167473,1167473,0
294,Riley Patterson,Jaguars,2023,1,,940000,940000,0,,0.4%,,1167473,1167473,0
295,Aldrick Rosas,Jaguars,2020,1,,825000,825000,0,,0.4%,,1162159,1162159,0
296,Cody Parkey,CLE/MIA,2016,2,,1290000,645000,0,,0.4%,,2319624,1159812,0
297,Lucas Havrisik,Rams,2023,2,,1665000,932500,0,,0.4%,,2067918,1158158,0
298,Cairo Santos,Bears,2017,1,,690000,690000,0,,0.4%,,1153581,1153581,0
299,Matthew Wright,TEN/SF,2024,1,,1055000,1055000,0,,0.4%,,1153312,1153312,0
300,Riley Patterson,Falcons,2024,1,,1055000,1055000,0,,0.4%,,1153312,1153312,0
301,Matthew Wright,Steelers,2024,1,,1055000,1055000,0,,0.4%,,1153312,1153312,0
302,Riley Patterson,Jets,2024,1,,1055000,1055000,0,,0.4%,,1153312,1153312,0
303,Matthew Wright,Chiefs,2024,1,,1055000,1055000,0,,0.4%,,1153312,1153312,0
304,Caleb Shudak,Titans,2023,2,,1855000,927500,0,,0.4%,,2303897,1151948,0
305,Cameron Dicker,Rams,2022,3,,2572000,857333,12000,,0.4%,,3449099,1149699,16092
306,Andrew Mevis,Jaguars,2022,3,,2570000,856667,60000,,0.4%,,3446417,1148806,80461
307,Caleb Shudak,Titans,2022,3,,2570000,856667,50000,,0.4%,,3446417,1148806,67051
308,James McCourt,JAX/LAC,2022,3,,2565000,855000,5000,,0.4%,,3439712,1146571,6705
309,Daniel Whelan,Saints,2022,3,,2565000,855000,10000,,0.4%,,3439712,1146571,13410
310,Jonathan Garibay,Cowboys,2022,3,,2565000,855000,55000,,0.4%,,3439712,1146571,73756
311,John Parker Romo,Saints,2022,3,,2562500,854167,2500,,0.4%,,3436359,1145454,3353
312,Will Reichard,Vikings,2024,4,,4190620,1047655,170620,,0.4%,,4581132,1145283,186520
313,Gabe Brkic,MIN/GB,2022,3,,2560000,853333,0,,0.4%,,3433007,1144335,0
314,Nick Sciba,Steelers,2022,3,,2560000,853333,0,,0.4%,,3433007,1144335,0
315,Randy Bullock,Jets,2015,1,,585000,585000,0,,0.4%,,1139950,1139950,0
316,Cam Little,Jaguars,2024,4,,4158388,1039597,138388,,0.4%,,4545896,1136474,151284
317,Joshua Karty,Rams,2024,4,,4158388,1039597,138388,,0.4%,,4545896,1136474,151284
318,Lirim Hajrullahu,Panthers,2021,2,,1485000,742500,0,,0.4%,,2271847,1135923,0
319,Elliott Fry,Chiefs,2021,2,,1485000,742500,0,,0.4%,,2271847,1135923,0
320,Austin MacGinnis,Rams,2021,2,,1485000,742500,0,,0.4%,,2271847,1135923,0
321,Matt Ammendola,Jets,2021,2,,1485000,742500,0,,0.4%,,2271847,1135923,0
322,Tristan Vizcaino,Chargers,2021,2,,1485000,742500,0,,0.4%,,2271847,1135923,0
323,Lirim Hajrullahu,Cowboys,2021,2,,1485000,742500,0,,0.4%,,2271847,1135923,0
324,Alex Kessman,Jets,2021,2,,1485000,742500,0,,0.4%,,2271847,1135923,0
325,Tucker McCann,Titans,2021,2,,1485000,742500,0,,0.4%,,2271847,1135923,0
326,Jake Elliott,Bengals,2017,4,,2677208,669302,277208,,0.4%,,4475907,1118977,463452
327,B.T. Potter,Steelers,2023,3,,2700000,900000,5000,,0.4%,,3353381,1117794,6210
328,Jack Podlesny,Vikings,2023,3,,2700000,900000,15000,,0.4%,,3353381,1117794,18630
329,Trey Wolff,Titans,2023,3,,2698500,899500,3500,,0.4%,,3351518,1117173,4347
330,Tanner Brown,Rams,2023,3,,2698000,899333,3000,,0.4%,,3350897,1116965,3726
331,Christopher Dunn,Rams,2023,3,,2698000,899333,3000,,0.4%,,3350897,1116965,3726
332,Blake Grupe,Saints,2023,3,,2697500,899167,2500,,0.4%,,3350276,1116759,3105
333,Andre Szmyt,Bears,2023,3,,2697000,899000,2000,,0.4%,,3349655,1116552,2484
334,Lucas Havrisik,Colts,2023,3,,2695000,898333,0,,0.4%,,3347171,1115723,0
335,Matthew Trickett,Falcons,2023,3,,2695000,898333,0,,0.4%,,3347171,1115723,0
336,Alex Quevedo,Saints,2023,3,,2695000,898333,0,,0.4%,,3347171,1115723,0
337,Jake Bates,Texans,2023,1,,2695000,898333,0,,0.4%,,3347171,1115723,0
338,Parker White,Packers,2023,3,,2695000,898333,0,,0.4%,,3347171,1115723,0
339,Brandon Aubrey,Cowboys,2023,3,,2695000,898333,0,,0.4%,,3347171,1115723,0
340,Justin Tucker,Ravens,2012,3,,1440000,480000,0,,0.4%,,3333731,1111244,0
341,Jason Myers,SEA/NYJ,2018,1,,705000,705000,0,,0.4%,,1110813,1110813,0
342,Brian Johnson,Commanders,2022,1,,825000,825000,0,,0.4%,,1106340,1106340,0
343,Riley Patterson,Jaguars,2022,1,,825000,825000,0,,0.4%,,1106340,1106340,0
344,Sam Sloman,Steelers,2022,1,,825000,825000,0,,0.4%,,1106340,1106340,0
345,Matt Ammendola,Cardinals,2022,1,,825000,825000,0,,0.4%,,1106340,1106340,0
346,Riley Patterson,Lions,2022,1,,825000,825000,0,,0.4%,,1106340,1106340,0
347,Tristan Vizcaino,Patriots,2022,1,,825000,825000,0,,0.4%,,1106340,1106340,0
348,Matt Ammendola,Texans,2022,1,,825000,825000,0,,0.4%,,1106340,1106340,0
349,Josh Lambo,Jaguars,2017,2,,1320000,660000,0,,0.4%,,2206850,1103425,0
350,Rodrigo Blankenship,Colts,2020,3,,2305000,768333,20000,,0.4%,,3247003,1082334,28174
351,Jake Bates,Lions,2024,2,,1980000,990000,150000,,0.4%,,2164511,1082255,163978
352,Cameron Dicker,Chargers,2023,1,,870000,870000,0,,0.4%,,1080534,1080534,0
353,Cade York,Giants,2023,1,,870000,870000,0,,0.4%,,1080534,1080534,0
354,Brandon McManus,Broncos,2016,2,,600000,600000,0,,0.4%,,1078895,1078895,0
355,Dominik Eberle,Raiders,2020,3,,2295000,765000,10000,,0.4%,,3232916,1077639,14087
356,Cade York,Browns,2024,1,,985000,985000,0,,0.4%,,1076789,1076789,0
357,Cameron Dicker,Chargers,2024,1,,985000,985000,0,,0.4%,,1076789,1076789,0
358,Cade York,CIN/WAS,2024,1,,985000,985000,0,,0.4%,,1076789,1076789,0
359,Tucker McCann,Titans,2020,3,,2290000,763333,5000,,0.4%,,3225873,1075290,7043
360,Chase McLaughlin,CLE/NYJ/JAX,2020,2,,1525000,762500,0,,0.4%,,2148234,1074117,0
361,Matt Gay,Rams,2020,2,,1525000,762500,0,,0.4%,,2148234,1074117,0
362,Nick Vogel,Ravens,2020,3,,2287000,762333,2000,,0.4%,,3221647,1073882,2817
363,Austin MacGinnis,Rams,2020,3,,2285000,761667,0,,0.4%,,3218829,1072944,0
364,Ramiz Ahmed,Bears,2020,3,,2285000,761667,0,,0.4%,,3218829,1072944,0
365,Lirim Hajrullahu,Rams,2020,3,,2285000,761667,0,,0.4%,,3218829,1072944,0
366,Brandon Wright,Jaguars,2020,3,,2285000,761666,0,,0.4%,,3218829,1072942,0
367,Chris Boswell,Texans,2014,3,,1533000,511000,3000,,0.4%,,3218147,1072716,6298
368,Chandler Catanzaro,Cardinals,2014,3,,1531500,510500,1500,,0.4%,,3214998,1071666,3149
369,Sergio Castillo,Falcons,2014,3,,1530000,510000,0,,0.4%,,3211850,1070617,0
370,Daniel Carlson,Vikings,2018,4,,2708012,677003,248012,,0.4%,,4266800,1066700,390773
371,Anders Carlson,Jets,2024,2,,1945000,972500,0,,0.4%,,2126249,1063125,0
372,Chad Ryland,Cardinals,2024,2,,1945000,972500,0,,0.4%,,2126249,1063125,0
373,Adam Vinatieri,Patriots,1996,2,,310000,155000,1000,,0.4%,,2123819,1061910,6851
374,Daniel Carlson,Raiders,2020,1,,750000,750000,0,,0.4%,,1056509,1056509,0
375,Chris Naggar,Cowboys,2022,2,,1575000,787500,0,,0.4%,,2112104,1056052,0
376,Jose Borregales,Buccaneers,2022,2,,1575000,787500,0,,0.4%,,2112104,1056052,0
377,Matt Gay,Buccaneers,2019,4,,2845772,711443,325772,,0.4%,,4221783,1055446,483292
378,Zane Gonzalez,Browns,2017,4,,2489168,622292,89168,,0.4%,,4161531,1040383,149076
379,Spencer Shrader,Colts,2024,3,,2850000,950000,20000,,0.4%,,3115583,1038528,21864
380,Harrison Butker,Panthers,2017,4,,2483124,620781,83124,,0.4%,,4151426,1037857,138971
381,Jake Verity,Buccaneers,2023,2,,1665000,832500,0,,0.4%,,2067918,1033959,0
382,John Parker Romo,Lions,2023,2,,1665000,832500,0,,0.4%,,2067918,1033959,0
383,Brayden Narveson,TEN/GB,2024,3,,2835000,945000,5000,,0.4%,,3099186,1033062,5466
384,Harrison Mevis,Panthers,2024,3,,2833000,944333,3000,,0.4%,,3096999,1032333,3280
385,James Turner,Lions,2024,3,,2832500,944167,2500,,0.4%,,3096453,1032151,2733
386,Jude McAtamney,Giants,2024,3,,2832500,944167,10000,,0.4%,,3096453,1032151,10932
387,James Turner,Packers,2024,3,,2832500,944167,2500,,0.4%,,3096453,1032151,2733
388,Charlie Smyth,Saints,2024,3,,2830000,943333,0,,0.4%,,3093720,1031240,0
389,Alex Hale,Packers,2024,3,,2830000,943333,0,,0.4%,,3093720,1031240,0
390,Austin Seibert,CLE/DET/CIN,2019,4,,2780456,695114,260456,,0.4%,,4124885,1031221,386394
391,Daniel Whelan,Packers,2025,1,,1030000,1030000,0,,0.4%,,1030000,1030000,0
392,Anders Carlson,Jets,2025,1,,1030000,1030000,0,,0.4%,,1030000,1030000,0
393,Chris Boswell,Steelers,2017,1,,615000,615000,0,,0.4%,,1028192,1028192,0
394,Kyle Brindza,Buccaneers,2015,3,,1582500,527500,7500,,0.4%,,3083710,1027903,14615
395,Josh Lambo,Chargers,2015,3,,1580000,526667,5000,,0.4%,,3078839,1026280,9743
396,Kyle Brindza,Jets,2016,2,,1140000,570000,0,,0.4%,,2049900,1024950,0
397,Zach Hocker,Bengals,2016,2,,1140000,570000,0,,0.4%,,2049900,1024950,0
398,Jason Myers,Jaguars,2015,3,,1575000,525000,0,,0.4%,,3069095,1023032,0
399,Andrew Franks,Dolphins,2015,3,,1575000,525000,0,,0.4%,,3069095,1023032,0
400,Justin Rohrwasser,Patriots,2021,1,,660000,660000,0,,0.4%,,1009710,1009710,0
401,Chris Blewitt,Commanders,2021,1,,660000,660000,0,,0.4%,,1009710,1009710,0
402,Dominik Eberle,Raiders,2021,1,,660000,660000,0,,0.4%,,1009710,1009710,0
403,Riley Patterson,Lions,2021,1,,660000,660000,0,,0.4%,,1009710,1009710,0
404,Brian Johnson,WAS/NO,2021,1,,660000,660000,0,,0.4%,,1009710,1009710,0
405,Dominik Eberle,Panthers,2021,1,,660000,660000,0,,0.4%,,1009710,1009710,0
406,Elliott Fry,Falcons,2021,1,,660000,660000,0,,0.4%,,1009710,1009710,0
407,Lirim Hajrullahu,Panthers,2021,1,,660000,660000,0,,0.4%,,1009710,1009710,0
408,Jason Sanders,Dolphins,2018,4,,2551200,637800,91200,,0.4%,,4019724,1004931,143697
409,Daniel Whelan,Packers,2024,1,,915000,915000,0,,0.4%,,1000266,1000266,0
410,Lucas Havrisik,Browns,2024,1,,915000,915000,0,,0.4%,,1000266,1000266,0
411,Sergio Castillo,Jets,2020,2,,1390000,695000,0,,0.4%,,1958063,979031,0
412,Travis Coons,Chargers,2017,2,,1170000,585000,0,,0.4%,,1956072,978036,0
413,Ka'imi Fairbairn,Texans,2016,3,,1627500,542500,7500,,0.3%,,2926502,975501,13486
414,Wil Lutz,Ravens,2016,3,,1622500,540833,2500,,0.3%,,2917511,972503,4495
415,Sam Ficken,Jaguars,2016,3,,1620000,540000,0,,0.3%,,2913016,971005,0
416,Brad Craddock,Browns,2016,3,,1620000,540000,0,,0.3%,,2913016,971005,0
417,Taylor Bertolet,Rams,2016,3,,1620000,540000,0,,0.3%,,2913016,971005,0
418,Wil Lutz,Saints,2016,3,,1620000,540000,0,,0.3%,,2913016,971005,0
419,Jaden Oberkrom,Browns,2016,3,,1620000,540000,0,,0.3%,,2913016,971005,0
420,Marshall Morgan,Bills,2016,3,,1620000,540000,0,,0.3%,,2913016,971005,0
421,John Parker Romo,Vikings,2024,2,,1765000,882500,0,,0.3%,,1929475,964738,0
422,John Parker Romo,Patriots,2025,1,,960000,960000,0,,0.3%,,960000,960000,0
423,Tanner Brown,Rams,2024,2,,1755000,877500,0,,0.3%,,1918543,959272,0
424,Aldrick Rosas,Giants,2019,1,,645000,645000,0,,0.3%,,956876,956876,0
425,Jake Elliott,Eagles,2019,1,,645000,645000,0,,0.3%,,956876,956876,0
426,Harrison Butker,Chiefs,2019,1,,645000,645000,0,,0.3%,,956876,956876,0
427,Sam Ficken,Jets,2020,1,,675000,675000,0,,0.3%,,950858,950858,0
428,Dominik Eberle,DET/GB,2022,1,,705000,705000,0,,0.3%,,945418,945418,0
429,Jake Verity,Jaguars,2022,1,,705000,705000,0,,0.3%,,945418,945418,0
430,Tristan Vizcaino,Cardinals,2022,1,,705000,705000,0,,0.3%,,945418,945418,0
431,Quinn Nordin,Patriots,2022,1,,705000,705000,0,,0.3%,,945418,945418,0
432,Cameron Dicker,Chargers,2022,1,,705000,705000,0,,0.3%,,945418,945418,0
433,Jake Verity,Colts,2022,1,,705000,705000,0,,0.3%,,945418,945418,0
434,Ramiz Ahmed,Packers,2022,1,,705000,705000,0,,0.3%,,945418,945418,0
435,Elliott Fry,Jaguars,2022,1,,705000,705000,0,,0.3%,,945418,945418,0
436,J.J. Molson,Packers,2022,1,,705000,705000,0,,0.3%,,945418,945418,0
437,John Parker Romo,Saints,2022,1,,705000,705000,0,,0.3%,,945418,945418,0
438,Chris Blewitt,Browns,2022,1,,705000,705000,0,,0.3%,,945418,945418,0
439,Giorgio Tavecchio,Falcons,2018,2,,1200000,600000,0,,0.3%,,1890745,945372,0
440,Zane Gonzalez,Cardinals,2018,2,,1200000,600000,0,,0.3%,,1890745,945372,0
441,Travis Coons,Browns,2016,1,,525000,525000,0,,0.3%,,944033,944033,0
442,Patrick Murray,Browns,2016,1,,525000,525000,0,,0.3%,,944033,944033,0
443,Chris Boswell,NYG/PIT,2015,2,,960000,480000,0,,0.3%,,1870687,935343,0
444,Daniel Whelan,Packers,2023,1,,750000,750000,0,,0.3%,,931495,931495,0
445,James McCourt,Jaguars,2023,1,,750000,750000,0,,0.3%,,931495,931495,0
446,Elliott Fry,ARI/DEN,2023,1,,750000,750000,0,,0.3%,,931495,931495,0
447,Younghoe Koo,Falcons,2020,1,,660000,660000,0,,0.3%,,929728,929728,0
448,Brett Maher,Jets,2020,1,,660000,660000,0,,0.3%,,929728,929728,0
449,Younghoe Koo,Chargers,2017,3,,1666000,555333,1000,,0.3%,,2785313,928437,1672
450,Andy Phillips,Bears,2017,3,,1665000,555000,0,,0.3%,,2783641,927880,0
451,Charlie Smyth,Saints,2025,2,,1845000,922500,0,,0.3%,,1845000,922500,0
452,Ryan Succop,Chiefs,2009,3,,1210250,403417,25250,,0.3%,,2747169,915724,57315
453,Eddy Pineiro,LV/CHI,2018,3,,1735000,578333,25000,,0.3%,,2733702,911233,39391
454,Greg Joseph,Titans,2019,3,,1830000,610000,0,,0.3%,,2714857,904952,0
455,Travis Coons,Rams,2017,1,,540000,540000,0,,0.3%,,902802,902802,0
456,Patrick Murray,Buccaneers,2017,1,,540000,540000,0,,0.3%,,902802,902802,0
457,Travis Coons,Rams,2017,1,,540000,540000,0,,0.3%,,902802,902802,0
458,Zach Hocker,Buccaneers,2017,1,,540000,540000,0,,0.3%,,902802,902802,0
459,Patrick Murray,Saints,2017,1,,540000,540000,0,,0.3%,,902802,902802,0
460,Greg Joseph,Dolphins,2018,3,,1715000,571666,5000,,0.3%,,2702190,900729,7878
461,Kaare Vedvik,Jets,2018,3,,1714000,571333,4000,,0.3%,,2700614,900204,6302
462,Trevor Moore,Buccaneers,2018,3,,1714000,571333,4000,,0.3%,,2700614,900204,6302
463,Kaare Vedvik,Vikings,2018,3,,1714000,571333,4000,,0.3%,,2700614,900204,6302
464,Michael Badgley,Colts,2018,3,,1714000,571333,4000,,0.3%,,2700614,900204,6302
465,Tyler Davis,Bills,2018,3,,1712500,570833,2500,,0.3%,,2698251,899416,3939
466,Matt McCrane,Cardinals,2018,3,,1711500,570500,1500,,0.3%,,2696675,898892,2363
467,David Marvin,Falcons,2018,3,,1711000,570333,1000,,0.3%,,2695887,898629,1576
468,Michael Badgley,Chargers,2018,3,,1710000,570000,0,,0.3%,,2694312,898104,0
469,Corey Acosta,49ers,2016,2,,990000,495000,0,,0.3%,,1780176,890088,0
470,Tom Obarski,Giants,2016,2,,990000,495000,0,,0.3%,,1780176,890088,0
471,Giorgio Tavecchio,ATL/LV,2018,1,,555000,555000,0,,0.3%,,874470,874470,0
472,Nick Rose,Texans,2018,1,,555000,555000,0,,0.3%,,874470,874470,0
473,Roberto Aguayo,Chargers,2018,1,,555000,555000,0,,0.3%,,874470,874470,0
474,Matthew Wright,Steelers,2019,3,,1760000,586667,5000,,0.3%,,2611010,870337,7418
475,Spencer Shrader,Chiefs,2024,1,,795000,795000,0,,0.3%,,869084,869084,0
476,Brayden Narveson,Titans,2024,1,,795000,795000,0,,0.3%,,869084,869084,0
477,Ramiz Ahmed,Commanders,2024,1,,795000,795000,0,,0.3%,,869084,869084,0
478,John Parker Romo,Vikings,2024,1,,795000,795000,0,,0.3%,,869084,869084,0
479,Jack Podlesny,Packers,2024,1,,795000,795000,0,,0.3%,,869084,869084,0
480,Clayton Hatfield,Colts,2019,3,,1757000,585667,2000,,0.3%,,2606559,868853,2967
481,Chase McLaughlin,Bills,2019,3,,1756000,585333,1000,,0.3%,,2605075,868358,1484
482,Joey Slye,Giants,2019,3,,1755500,585167,500,,0.3%,,2604334,868112,742
483,Redford Jones,Bears,2019,3,,1755000,585000,0,,0.3%,,2603592,867864,0
484,Tristan Vizcaino,Bengals,2019,3,,1755000,585000,0,,0.3%,,2603592,867864,0
485,Phillip Andersen,Buccaneers,2019,3,,1755000,585000,0,,0.3%,,2603592,867864,0
486,Chris Blewitt,Bears,2019,3,,1755000,585000,0,,0.3%,,2603592,867864,0
487,Cole Murphy,Cardinals,2019,3,,1755000,585000,0,,0.3%,,2603592,867864,0
488,Chase McLaughlin,Chargers,2019,3,,1755000,585000,0,,0.3%,,2603592,867864,0
489,Cole Hedlund,Colts,2019,3,,1755000,585000,0,,0.3%,,2603592,867864,0
490,John Baron,Bears,2019,3,,1755000,585000,0,,0.3%,,2603592,867864,0
491,Elliott Fry,Bears,2019,3,,1755000,585000,0,,0.3%,,2603592,867864,0
492,Giorgio Tavecchio,Raiders,2017,1,,515000,515000,50000,,0.3%,,861006,861006,83593
493,Tristan Vizcaino,Bengals,2020,1,,610000,610000,0,,0.3%,,859294,859294,0
494,Jon Brown,Jaguars,2020,1,,610000,610000,0,,0.3%,,859294,859294,0
495,Aldrick Rosas,Giants,2017,2,,1020000,510000,0,,0.3%,,1705293,852647,0
496,Nick Rose,Commanders,2017,2,,1020000,510000,0,,0.3%,,1705293,852647,0
497,Brett Maher,Browns,2017,2,,1020000,510000,0,,0.3%,,1705293,852647,0
498,Jake Elliott,Eagles,2017,2,,1020000,510000,0,,0.3%,,1705293,852647,0
499,Nick Rose,Jets,2017,2,,1020000,510000,0,,0.3%,,1705293,852647,0
500,Mike Meyer,Falcons,2017,2,,1020000,510000,0,,0.3%,,1705293,852647,0
501,Nick Rose,49ers,2017,2,,1020000,510000,0,,0.3%,,1705293,852647,0
502,Ross Martin,Jets,2017,2,,1020000,510000,0,,0.3%,,1705293,852647,0
503,Nick Rose,Chargers,2017,2,,1020000,510000,0,,0.3%,,1705293,852647,0
504,Devon Bell,Colts,2017,2,,1020000,510000,0,,0.3%,,1705293,852647,0
505,Marshall Koehn,Vikings,2017,2,,1020000,510000,0,,0.3%,,1705293,852647,0
506,Harrison Butker,Chiefs,2017,1,,1020000,510000,0,,0.3%,,1705293,852647,0
507,Chris Boswell,Giants,2015,1,,435000,435000,0,,0.3%,,847655,847655,0
508,Zach Hocker,MIA/LAR/NO,2015,1,,435000,435000,0,,0.3%,,847655,847655,0
509,Daniel Carlson,Raiders,2019,1,,570000,570000,0,,0.3%,,845611,845611,0
510,Nick Rose,Chargers,2019,1,,570000,570000,0,,0.3%,,845611,845611,0
511,Younghoe Koo,Falcons,2019,1,,570000,570000,0,,0.3%,,845611,845611,0
512,Phil Dawson,Patriots,1998,1,,158000,158000,0,,0.3%,,842055,842055,0
513,Alex Hale,Packers,2025,1,,840000,840000,0,,0.3%,,840000,840000,0
514,Andre Szmyt,Browns,2025,1,,840000,840000,0,,0.3%,,840000,840000,0
515,Jude McAtamney,Giants,2025,1,,840000,840000,0,,0.3%,,840000,840000,0
516,Brett Maher,Cowboys,2018,2,,1050000,525000,0,,0.3%,,1654402,827201,0
517,Marshall Koehn,Giants,2018,2,,1050000,525000,0,,0.3%,,1654402,827201,0
518,Jon Brown,Bengals,2018,2,,1050000,525000,0,,0.3%,,1654402,827201,0
519,Matt McCrane,Steelers,2018,2,,1050000,525000,0,,0.3%,,1654402,827201,0
520,Taylor Bertolet,Jets,2018,2,,1050000,525000,0,,0.3%,,1654402,827201,0
521,Greg Joseph,Browns,2018,1,,1050000,525000,0,,0.3%,,1654402,827201,0
522,Ross Martin,Browns,2018,2,,1050000,525000,0,,0.3%,,1654402,827201,0
523,Joey Slye,Panthers,2020,1,,585000,585000,0,,0.3%,,824077,824077,0
524,Chase McLaughlin,Colts,2020,1,,585000,585000,0,,0.3%,,824077,824077,0
525,Jon Brown,Jaguars,2019,2,,1110000,555000,0,,0.3%,,1646716,823358,0
526,Ty Long,Steelers,2016,1,,450000,450000,0,,0.3%,,809171,809171,0
527,Jon Brown,49ers,2019,2,,1080000,540000,0,,0.3%,,1602210,801105,0
528,Tristan Vizcaino,Cowboys,2020,2,,1110000,555000,0,,0.3%,,1563633,781816,0
529,Marshall Koehn,Bengals,2017,1,,465000,465000,0,,0.3%,,777413,777413,0
530,Sam Ficken,KC/LAR,2017,1,,465000,465000,0,,0.3%,,777413,777413,0
531,Giorgio Tavecchio,Raiders,2017,1,,465000,465000,0,,0.3%,,777413,777413,0
532,Jon Brown,Bengals,2017,1,,465000,465000,0,,0.3%,,777413,777413,0
533,John Lunsford,Seahawks,2017,1,,465000,465000,0,,0.3%,,777413,777413,0
534,Matt McCrane,Raiders,2018,1,,480000,480000,0,,0.3%,,756298,756298,0
535,Taylor Bertolet,Broncos,2018,1,,480000,480000,0,,0.3%,,756298,756298,0
536,Daniel Carlson,Raiders,2018,1,,480000,480000,0,,0.3%,,756298,756298,0
537,Matt McCrane,Cardinals,2018,1,,480000,480000,0,,0.3%,,756298,756298,0
538,Sam Ficken,Rams,2018,1,,480000,480000,0,,0.3%,,756298,756298,0
539,Chase McLaughlin,Colts,2019,1,,495000,495000,0,,0.3%,,734346,734346,0
540,Joey Slye,Giants,2019,1,,495000,495000,0,,0.3%,,734346,734346,0
541,Taylor Bertolet,Broncos,2019,1,,495000,495000,0,,0.3%,,734346,734346,0
542,Sam Ficken,Seahawks,2019,1,,495000,495000,0,,0.3%,,734346,734346,0
543,Joey Slye,Panthers,2019,1,,495000,495000,0,,0.3%,,734346,734346,0
544,Sam Ficken,Jets,2019,1,,495000,495000,0,,0.3%,,734346,734346,0
545,Taylor Bertolet,Jets,2019,1,,495000,495000,0,,0.3%,,734346,734346,0
546,Sam Ficken,Packers,2019,1,,495000,495000,0,,0.3%,,734346,734346,0
547,Chase McLaughlin,49ers,2019,1,,495000,495000,0,,0.3%,,734346,734346,0
548,Elliott Fry,TB/CAR,2020,1,,516500,516500,6500,,0.3%,,727582,727582,9156
549,Nick Folk,Patriots,2021,1,,344833,344833,0,,0.2%,,527547,527547,0
550,Brett Maher,Cowboys,2022,1,,391911,391911,0,,0.2%,,525560,525560,0
551,Chase McLaughlin,Colts,2022,1,,376433,376433,0,,0.2%,,504804,504804,0
552,Brett Maher,Cowboys,2022,1,,358200,358200,0,,0.2%,,480353,480353,0
553,Austin Seibert,Jets,2023,1,,370800,370800,0,,0.2%,,460531,460531,0
554,Nick Folk,Patriots,2021,1,,297722,297722,0,,0.2%,,455474,455474,0
555,Chase McLaughlin,Colts,2022,1,,338222,338222,0,,0.2%,,453562,453562,0
556,Aldrick Rosas,Saints,2021,1,,293000,293000,0,,0.2%,,448250,448250,0
557,Greg Joseph,Lions,2024,1,,383400,383400,0,,0.2%,,419128,419128,0
558,Michael Badgley,Lions,2023,1,,333700,333700,0,,0.1%,,414453,414453,0
559,Brett Maher,Rams,2023,1,,333700,333700,0,,0.1%,,414453,414453,0
560,Mike Nugent,Cardinals,2020,1,,291530,291530,0,,0.1%,,410672,410672,0
561,Chase McLaughlin,Colts,2022,1,,300011,300011,0,,0.1%,,402320,402320,0
562,Michael Badgley,Lions,2022,1,,299800,299800,0,,0.1%,,402037,402037,0
563,Joey Slye,Texans,2021,1,,260044,260044,0,,0.1%,,397832,397832,0
564,Austin Seibert,Jets,2023,1,,317600,317600,0,,0.1%,,394457,394457,0
565,Austin Seibert,Saints,2023,1,,315000,315000,0,,0.1%,,391228,391228,0
566,Josh Lambo,Steelers,2021,1,,252000,252000,0,,0.1%,,385525,385525,0
567,Michael Badgley,Colts,2021,1,,252000,252000,0,,0.1%,,385525,385525,0
568,Nick Folk,Patriots,2021,1,,252000,252000,0,,0.1%,,385525,385525,0
569,Aldrick Rosas,Lions,2021,1,,252000,252000,0,,0.1%,,385525,385525,0
570,Randy Bullock,Titans,2021,1,,252000,252000,0,,0.1%,,385525,385525,0
571,Aldrick Rosas,Saints,2021,1,,252000,252000,0,,0.1%,,385525,385525,0
572,Michael Badgley,Titans,2021,1,,252000,252000,0,,0.1%,,385525,385525,0
573,Zane Gonzalez,Lions,2021,1,,252000,252000,0,,0.1%,,385525,385525,0
574,Eddy Pineiro,Commanders,2021,1,,252000,252000,0,,0.1%,,385525,385525,0
575,Aldrick Rosas,Lions,2021,1,,252000,252000,0,,0.1%,,385525,385525,0
576,Ryan Santoso,Lions,2021,1,,249599,249599,0,,0.1%,,381852,381852,0
577,Randy Bullock,Giants,2023,1,,306866,306866,0,,0.1%,,381125,381125,0
578,Chase McLaughlin,Colts,2022,1,,277200,277200,0,,0.1%,,371730,371730,0
579,Josh Lambo,Titans,2022,1,,277200,277200,0,,0.1%,,371730,371730,0
580,Michael Badgley,Lions,2022,1,,277200,277200,0,,0.1%,,371730,371730,0
581,Aldrick Rosas,Lions,2022,1,,277200,277200,0,,0.1%,,371730,371730,0
582,Michael Badgley,CHI/DET,2022,1,,277200,277200,0,,0.1%,,371730,371730,0
583,Mason Crosby,NYG/LAR,2023,1,,289800,289800,0,,0.1%,,359930,359930,0
584,Michael Badgley,Lions,2023,1,,289800,289800,0,,0.1%,,359930,359930,0
585,Randy Bullock,Giants,2023,1,,289800,289800,0,,0.1%,,359930,359930,0
586,Austin Seibert,Jets,2023,1,,289800,289800,0,,0.1%,,359930,359930,0
587,Brett Maher,Rams,2023,1,,289800,289800,0,,0.1%,,359930,359930,0
588,Mason Crosby,Giants,2023,1,,289800,289800,0,,0.1%,,359930,359930,0
589,Michael Badgley,Lions,2023,1,,289800,289800,0,,0.1%,,359930,359930,0
590,Mason Crosby,Giants,2023,1,,289800,289800,0,,0.1%,,359930,359930,0
591,Randy Bullock,Giants,2023,1,,289800,289800,0,,0.1%,,359930,359930,0
592,Mason Crosby,Rams,2023,1,,289800,289800,0,,0.1%,,359930,359930,0
593,Nick Folk,Patriots,2020,1,,253765,253765,0,,0.1%,,357473,357473,0
594,Matt Ammendola,Chiefs,2022,1,,264167,264167,0,,0.1%,,354253,354253,0
595,Ramiz Ahmed,Packers,2022,1,,262334,262334,0,,0.1%,,351795,351795,0
596,Cairo Santos,Bears,2020,1,,245529,245529,0,,0.1%,,345871,345871,0
597,Mike Nugent,Cardinals,2020,1,,241765,241765,0,,0.1%,,340569,340569,0
598,Michael Badgley,Colts,2021,1,,219111,219111,0,,0.1%,,335210,335210,0
599,Matthew Wright,Chiefs,2022,1,,248944,248944,0,,0.1%,,333838,333838,0
600,Greg Joseph,Commanders,2024,1,,302400,302400,0,,0.1%,,330580,330580,0
601,Zane Gonzalez,Commanders,2024,1,,302400,302400,0,,0.1%,,330580,330580,0
602,Greg Joseph,Jets,2024,1,,302400,302400,0,,0.1%,,330580,330580,0
603,Zane Gonzalez,Commanders,2024,1,,302400,302400,0,,0.1%,,330580,330580,0
604,Riley Patterson,CLE/NYJ/ATL,2024,1,,302400,302400,0,,0.1%,,330580,330580,0
605,Greg Joseph,Commanders,2024,1,,302400,302400,0,,0.1%,,330580,330580,0
606,Riley Patterson,CLE/ATL,2024,1,,302400,302400,0,,0.1%,,330580,330580,0
607,Zane Gonzalez,Commanders,2024,1,,302400,302400,0,,0.1%,,330580,330580,0
608,Matthew Wright,Jaguars,2021,1,,206267,206267,0,,0.1%,,315560,315560,0
609,Ramiz Ahmed,Packers,2022,1,,234667,234667,0,,0.1%,,314693,314693,0
610,Matt Ammendola,Chiefs,2022,1,,229833,229833,0,,0.1%,,308210,308210,0
611,Taylor Bertolet,Chargers,2022,1,,229666,229666,0,,0.1%,,307986,307986,0
612,Joey Slye,Texans,2021,1,,194422,194422,0,,0.1%,,297439,297439,0
613,Chris Naggar,Browns,2021,1,,193067,193067,0,,0.1%,,295366,295366,0
614,Aldrick Rosas,Jaguars,2020,1,,204529,204529,0,,0.1%,,288116,288116,0
615,Aldrick Rosas,Jaguars,2020,1,,204000,204000,0,,0.1%,,287370,287370,0
616,Cody Parkey,Browns,2020,1,,204000,204000,0,,0.1%,,287370,287370,0
617,Kai Forbath,Panthers,2020,1,,204000,204000,0,,0.1%,,287370,287370,0
618,Cairo Santos,Bears,2020,1,,204000,204000,0,,0.1%,,287370,287370,0
619,Nick Folk,Patriots,2020,1,,204000,204000,0,,0.1%,,287370,287370,0
620,Kai Forbath,Bears,2020,1,,204000,204000,0,,0.1%,,287370,287370,0
621,Blair Walsh,Saints,2020,1,,204000,204000,0,,0.1%,,287370,287370,0
622,Mike Nugent,Cardinals,2020,1,,204000,204000,0,,0.1%,,287370,287370,0
623,Kai Forbath,Panthers,2020,1,,204000,204000,0,,0.1%,,287370,287370,0
624,Aldrick Rosas,Jaguars,2020,1,,204000,204000,0,,0.1%,,287370,287370,0
625,Matthew Wright,Chiefs,2022,1,,210722,210722,0,,0.1%,,282582,282582,0
626,Spencer Shrader,Colts,2024,1,,256667,256667,0,,0.1%,,280585,280585,0
627,Cameron Dicker,Eagles,2022,1,,207000,207000,0,,0.1%,,277591,277591,0
628,Sam Sloman,49ers,2022,1,,207000,207000,0,,0.1%,,277591,277591,0
629,Tristan Vizcaino,Patriots,2022,1,,207000,207000,0,,0.1%,,277591,277591,0
630,Taylor Bertolet,Panthers,2022,1,,207000,207000,0,,0.1%,,277591,277591,0
631,Dominik Eberle,Lions,2022,1,,207000,207000,0,,0.1%,,277591,277591,0
632,Matt Ammendola,Cardinals,2022,1,,207000,207000,0,,0.1%,,277591,277591,0
633,Tristan Vizcaino,Patriots,2022,1,,207000,207000,0,,0.1%,,277591,277591,0
634,Taylor Bertolet,Chargers,2022,1,,207000,207000,0,,0.1%,,277591,277591,0
635,Cameron Dicker,Eagles,2022,1,,207000,207000,0,,0.1%,,277591,277591,0
636,Rodrigo Blankenship,Cardinals,2022,1,,207000,207000,0,,0.1%,,277591,277591,0
637,Tristan Vizcaino,Cowboys,2022,1,,207000,207000,0,,0.1%,,277591,277591,0
638,Lucas Havrisik,Colts,2022,1,,207000,207000,0,,0.1%,,277591,277591,0
639,Sam Ficken,Lions,2022,1,,207000,207000,0,,0.1%,,277591,277591,0
640,Matthew Wright,Chiefs,2022,1,,207000,207000,0,,0.1%,,277591,277591,0
641,Tristan Vizcaino,Patriots,2022,1,,207000,207000,0,,0.1%,,277591,277591,0
642,Cameron Dicker,Chargers,2022,1,,207000,207000,0,,0.1%,,277591,277591,0
643,Matt Ammendola,Chiefs,2022,1,,207000,207000,0,,0.1%,,277591,277591,0
644,Nick Sciba,Steelers,2022,1,,207000,207000,0,,0.1%,,277591,277591,0
645,James McCourt,Jaguars,2022,1,,207000,207000,0,,0.1%,,277591,277591,0
646,Nick Sciba,Steelers,2022,1,,207000,207000,0,,0.1%,,277591,277591,0
647,Matthew Wright,Chiefs,2022,1,,207000,207000,0,,0.1%,,277591,277591,0
648,Tristan Vizcaino,Patriots,2022,1,,207000,207000,0,,0.1%,,277591,277591,0
649,Caleb Shudak,Titans,2022,1,,207000,207000,0,,0.1%,,277591,277591,0
650,Matt Ammendola,ARI/GB,2022,1,,207000,207000,0,,0.1%,,277591,277591,0
651,Rodrigo Blankenship,Cardinals,2022,1,,207000,207000,0,,0.1%,,277591,277591,0
652,Cameron Dicker,Chargers,2022,1,,207000,207000,0,,0.1%,,277591,277591,0
653,Tristan Vizcaino,Patriots,2022,1,,207000,207000,0,,0.1%,,277591,277591,0
654,Ramiz Ahmed,Packers,2022,1,,207000,207000,0,,0.1%,,277591,277591,0
655,Taylor Bertolet,Chargers,2022,1,,207000,207000,0,,0.1%,,277591,277591,0
656,Chad Ryland,Cardinals,2024,1,,251666,251666,0,,0.1%,,275118,275118,0
657,Riley Patterson,Browns,2023,1,,216000,216000,0,,0.1%,,268270,268270,0
658,Cade York,NYG/TEN,2023,1,,216000,216000,0,,0.1%,,268270,268270,0
659,Matthew Wright,Falcons,2023,1,,216000,216000,0,,0.1%,,268270,268270,0
660,Matt Ammendola,Texans,2023,1,,216000,216000,0,,0.1%,,268270,268270,0
661,Matthew Wright,Panthers,2023,1,,216000,216000,0,,0.1%,,268270,268270,0
662,Lucas Havrisik,Browns,2023,1,,216000,216000,0,,0.1%,,268270,268270,0
663,John Parker Romo,Bears,2023,1,,216000,216000,0,,0.1%,,268270,268270,0
664,James McCourt,Raiders,2023,1,,216000,216000,0,,0.1%,,268270,268270,0
665,Riley Patterson,Browns,2023,1,,216000,216000,0,,0.1%,,268270,268270,0
666,Matthew Wright,Patriots,2023,1,,216000,216000,0,,0.1%,,268270,268270,0
667,James McCourt,Raiders,2023,1,,216000,216000,0,,0.1%,,268270,268270,0
668,Matt Ammendola,Texans,2023,1,,216000,216000,0,,0.1%,,268270,268270,0
669,Riley Patterson,Browns,2023,1,,216000,216000,0,,0.1%,,268270,268270,0
670,Matthew Wright,49ers,2023,1,,216000,216000,0,,0.1%,,268270,268270,0
671,Matt Ammendola,Texans,2023,1,,216000,216000,0,,0.1%,,268270,268270,0
672,Matthew Wright,Jaguars,2021,1,,172133,172133,0,,0.1%,,263340,263340,0
673,Elliott Fry,Chiefs,2021,1,,165600,165600,0,,0.1%,,253345,253345,0
674,Sam Sloman,Steelers,2021,1,,165600,165600,0,,0.1%,,253345,253345,0
675,Matthew Wright,Jaguars,2021,1,,165600,165600,0,,0.1%,,253345,253345,0
676,Tristan Vizcaino,Chargers,2021,1,,165600,165600,0,,0.1%,,253345,253345,0
677,Quinn Nordin,Patriots,2021,1,,165600,165600,0,,0.1%,,253345,253345,0
678,Sam Sloman,Steelers,2021,1,,165600,165600,0,,0.1%,,253345,253345,0
679,Lirim Hajrullahu,Cowboys,2021,1,,165600,165600,0,,0.1%,,253345,253345,0
680,Elliott Fry,Falcons,2021,1,,165600,165600,0,,0.1%,,253345,253345,0
681,J.J. Molson,Packers,2021,1,,165600,165600,0,,0.1%,,253345,253345,0
682,Elliott Fry,Packers,2021,1,,165600,165600,0,,0.1%,,253345,253345,0
683,Matt McCrane,Eagles,2021,1,,165600,165600,0,,0.1%,,253345,253345,0
684,Elliott Fry,Falcons,2021,1,,165600,165600,0,,0.1%,,253345,253345,0
685,Jose Borregales,Buccaneers,2021,1,,165600,165600,0,,0.1%,,253345,253345,0
686,Alex Kessman,Jets,2021,1,,165600,165600,0,,0.1%,,253345,253345,0
687,Brian Johnson,Bears,2021,1,,165600,165600,0,,0.1%,,253345,253345,0
688,Chris Naggar,Browns,2021,1,,165600,165600,0,,0.1%,,253345,253345,0
689,Ryan Santoso,Lions,2021,1,,165600,165600,0,,0.1%,,253345,253345,0
690,Chris Blewitt,Browns,2021,1,,165600,165600,0,,0.1%,,253345,253345,0
691,Blake Haubeil,Panthers,2021,1,,165600,165600,0,,0.1%,,253345,253345,0
692,Elliott Fry,Bengals,2021,1,,165600,165600,0,,0.1%,,253345,253345,0
693,Matt McCrane,Eagles,2021,1,,165600,165600,0,,0.1%,,253345,253345,0
694,Dominik Eberle,Texans,2021,1,,165600,165600,0,,0.1%,,253345,253345,0
695,Matt McCrane,Eagles,2021,1,,165600,165600,0,,0.1%,,253345,253345,0
696,Chris Blewitt,Commanders,2021,1,,165600,165600,0,,0.1%,,253345,253345,0
697,Brian Johnson,Bears,2021,1,,165600,165600,0,,0.1%,,253345,253345,0
698,Riley Patterson,Patriots,2021,1,,165600,165600,0,,0.1%,,253345,253345,0
699,Elliott Fry,Falcons,2021,1,,165600,165600,0,,0.1%,,253345,253345,0
700,Dominik Eberle,Panthers,2021,1,,165600,165600,0,,0.1%,,253345,253345,0
701,Matt Ammendola,Jets,2021,1,,165600,165600,0,,0.1%,,253345,253345,0
702,Elliott Fry,Falcons,2021,1,,165600,165600,0,,0.1%,,253345,253345,0
703,Lirim Hajrullahu,Commanders,2021,1,,165600,165600,0,,0.1%,,253345,253345,0
704,Chris Blewitt,Commanders,2021,1,,165600,165600,0,,0.1%,,253345,253345,0
705,Lirim Hajrullahu,Cowboys,2021,1,,165600,165600,0,,0.1%,,253345,253345,0
706,Sam Sloman,Steelers,2021,1,,165600,165600,0,,0.1%,,253345,253345,0
707,Ryan Santoso,Rams,2021,1,,165600,165600,0,,0.1%,,253345,253345,0
708,Dominik Eberle,Panthers,2021,1,,165600,165600,0,,0.1%,,253345,253345,0
709,Elliott Fry,Falcons,2021,1,,165600,165600,0,,0.1%,,253345,253345,0
710,Alex Kessman,Panthers,2021,1,,165600,165600,0,,0.1%,,253345,253345,0
711,Matt McCrane,Cardinals,2021,1,,165600,165600,0,,0.1%,,253345,253345,0
712,Brett Maher,Saints,2021,1,,165600,165600,0,,0.1%,,253345,253345,0
713,Jake Verity,Ravens,2021,1,,165600,165600,0,,0.1%,,253345,253345,0
714,Joey Slye,Texans,2021,1,,165600,165600,0,,0.1%,,253345,253345,0
715,Anders Carlson,49ers,2024,1,,226666,226666,0,,0.1%,,247788,247788,0
716,Matthew Wright,TEN/KC,2024,1,,225000,225000,0,,0.1%,,245967,245967,0
717,Tanner Brown,Falcons,2024,1,,225000,225000,0,,0.1%,,245967,245967,0
718,Andre Szmyt,Browns,2024,1,,225000,225000,0,,0.1%,,245967,245967,0
719,Spencer Shrader,Colts,2024,1,,225000,225000,0,,0.1%,,245967,245967,0
720,Lucas Havrisik,Bills,2024,1,,225000,225000,0,,0.1%,,245967,245967,0
721,Chad Ryland,Cardinals,2024,1,,225000,225000,0,,0.1%,,245967,245967,0
722,Anders Carlson,Jets,2024,1,,225000,225000,0,,0.1%,,245967,245967,0
723,Spencer Shrader,Colts,2024,1,,225000,225000,0,,0.1%,,245967,245967,0
724,Cade York,Bengals,2024,1,,225000,225000,0,,0.1%,,245967,245967,0
725,Jude McAtamney,Giants,2024,1,,225000,225000,0,,0.1%,,245967,245967,0
726,Anders Carlson,49ers,2024,1,,225000,225000,0,,0.1%,,245967,245967,0
727,Spencer Shrader,Colts,2024,1,,225000,225000,0,,0.1%,,245967,245967,0
728,Matthew Wright,Titans,2024,1,,225000,225000,0,,0.1%,,245967,245967,0
729,Chad Ryland,Cardinals,2024,1,,225000,225000,0,,0.1%,,245967,245967,0
730,Cade York,Bengals,2024,1,,225000,225000,0,,0.1%,,245967,245967,0
731,Brayden Narveson,Titans,2024,1,,225000,225000,0,,0.1%,,245967,245967,0
732,Matthew Wright,Chiefs,2024,1,,225000,225000,0,,0.1%,,245967,245967,0
733,Anders Carlson,Jets,2024,1,,225000,225000,0,,0.1%,,245967,245967,0
734,Spencer Shrader,Colts,2024,1,,225000,225000,0,,0.1%,,245967,245967,0
735,John Parker Romo,Patriots,2024,1,,225000,225000,0,,0.1%,,245967,245967,0
736,Spencer Shrader,Jets,2024,1,,225000,225000,0,,0.1%,,245967,245967,0
737,Cade York,Bengals,2024,1,,225000,225000,0,,0.1%,,245967,245967,0
738,Charlie Smyth,Saints,2024,1,,225000,225000,0,,0.1%,,245967,245967,0
739,Matt McCrane,Lions,2024,1,,225000,225000,0,,0.1%,,245967,245967,0
740,Alex Hale,Packers,2024,1,,225000,225000,0,,0.1%,,245967,245967,0
741,Anders Carlson,49ers,2024,1,,225000,225000,0,,0.1%,,245967,245967,0
742,Tanner Brown,Rams,2024,1,,225000,225000,0,,0.1%,,245967,245967,0
743,Matthew Wright,Titans,2024,1,,225000,225000,0,,0.1%,,245967,245967,0
744,Spencer Shrader,Jets,2024,1,,225000,225000,0,,0.1%,,245967,245967,0
745,Jude McAtamney,Giants,2024,1,,225000,225000,0,,0.1%,,245967,245967,0
746,Greg Joseph,Buccaneers,2020,1,,174106,174106,0,,0.1%,,245259,245259,0
747,Dustin Hopkins,Saints,2014,1,,112200,112200,0,,0.1%,,235536,235536,0
748,Chris Boswell,Texans,2014,1,,107100,107100,0,,0.1%,,224829,224829,0
749,Mike Meyer,Falcons,2017,1,,122400,122400,0,,0.1%,,204635,204635,0
750,Roberto Aguayo,Panthers,2017,1,,122400,122400,0,,0.1%,,204635,204635,0
751,Giorgio Tavecchio,Raiders,2017,1,,122400,122400,0,,0.1%,,204635,204635,0
752,Mike Meyer,Jaguars,2017,1,,122400,122400,0,,0.1%,,204635,204635,0
753,Travis Coons,Chargers,2017,1,,122400,122400,0,,0.1%,,204635,204635,0
754,Harrison Butker,Panthers,2017,1,,122400,122400,0,,0.1%,,204635,204635,0
755,Mike Meyer,Falcons,2017,1,,122400,122400,0,,0.1%,,204635,204635,0
756,Jon Brown,Bengals,2017,1,,122400,122400,0,,0.1%,,204635,204635,0
757,Jake Elliott,Bengals,2017,1,,122400,122400,0,,0.1%,,204635,204635,0
758,Elliott Fry,Falcons,2020,1,,145082,145082,0,,0.1%,,204374,204374,0
759,Zane Gonzalez,Cardinals,2018,1,,129200,129200,0,,0.1%,,203570,203570,0
760,Marshall Koehn,Giants,2018,1,,129200,129200,0,,0.1%,,203570,203570,0
761,Matt McCrane,Cardinals,2018,1,,129200,129200,0,,0.1%,,203570,203570,0
762,Marshall Koehn,Giants,2018,1,,129200,129200,0,,0.1%,,203570,203570,0
763,Michael Badgley,Chargers,2018,1,,129200,129200,0,,0.1%,,203570,203570,0
764,Josh Gable,Patriots,2019,1,,136000,136000,0,,0.1%,,201760,201760,0
765,Younghoe Koo,Patriots,2019,1,,136000,136000,0,,0.1%,,201760,201760,0
766,Greg Joseph,Panthers,2019,1,,136000,136000,0,,0.1%,,201760,201760,0
767,Chase McLaughlin,Vikings,2019,1,,136000,136000,0,,0.1%,,201760,201760,0
768,Taylor Bertolet,Panthers,2020,1,,142800,142800,0,,0.1%,,201159,201159,0
769,Brett Maher,Cardinals,2020,1,,142800,142800,0,,0.1%,,201159,201159,0
770,Tucker McCann,Titans,2020,1,,142800,142800,0,,0.1%,,201159,201159,0
771,Lirim Hajrullahu,Panthers,2020,1,,142800,142800,0,,0.1%,,201159,201159,0
772,Matthew Wright,Steelers,2020,1,,142800,142800,0,,0.1%,,201159,201159,0
773,Austin MacGinnis,Rams,2020,1,,142800,142800,0,,0.1%,,201159,201159,0
774,Elliott Fry,Falcons,2020,1,,142800,142800,0,,0.1%,,201159,201159,0
775,Taylor Bertolet,Panthers,2020,1,,142800,142800,0,,0.1%,,201159,201159,0
776,Roberto Aguayo,Patriots,2020,1,,142800,142800,0,,0.1%,,201159,201159,0
777,Tristan Vizcaino,Vikings,2020,1,,142800,142800,0,,0.1%,,201159,201159,0
778,Dominik Eberle,Raiders,2020,1,,142800,142800,0,,0.1%,,201159,201159,0
779,Taylor Bertolet,Panthers,2020,1,,142800,142800,0,,0.1%,,201159,201159,0
780,Matthew Wright,Steelers,2020,1,,142800,142800,0,,0.1%,,201159,201159,0
781,Sam Sloman,Titans,2020,1,,142800,142800,0,,0.1%,,201159,201159,0
782,Sergio Castillo,Jets,2020,1,,142800,142800,0,,0.1%,,201159,201159,0
783,Chase McLaughlin,Vikings,2020,1,,142800,142800,0,,0.1%,,201159,201159,0
784,Tristan Vizcaino,49ers,2020,1,,142800,142800,0,,0.1%,,201159,201159,0
785,Taylor Russolino,Broncos,2020,1,,142800,142800,0,,0.1%,,201159,201159,0
786,Justin Rohrwasser,Patriots,2020,1,,142800,142800,0,,0.1%,,201159,201159,0
787,J.J. Molson,Packers,2020,1,,142800,142800,0,,0.1%,,201159,201159,0
788,Matt Gay,Colts,2020,1,,142800,142800,0,,0.1%,,201159,201159,0
789,Jon Brown,Jaguars,2020,1,,142800,142800,0,,0.1%,,201159,201159,0
790,Brandon Wright,Rams,2020,1,,142800,142800,0,,0.1%,,201159,201159,0
791,Giorgio Tavecchio,Titans,2020,1,,142800,142800,0,,0.1%,,201159,201159,0
792,Tristan Vizcaino,49ers,2020,1,,142800,142800,0,,0.1%,,201159,201159,0
793,Taylor Bertolet,Panthers,2020,1,,142800,142800,0,,0.1%,,201159,201159,0
794,Brett Maher,Commanders,2020,1,,142800,142800,0,,0.1%,,201159,201159,0
795,Sergio Castillo,Jets,2020,1,,142800,142800,0,,0.1%,,201159,201159,0
796,Matthew Wright,Steelers,2020,1,,142800,142800,0,,0.1%,,201159,201159,0
797,Sergio Castillo,Jets,2020,1,,142800,142800,0,,0.1%,,201159,201159,0
798,Taylor Russolino,Broncos,2020,1,,142800,142800,0,,0.1%,,201159,201159,0
799,Jon Brown,Jaguars,2020,1,,142800,142800,0,,0.1%,,201159,201159,0
800,Austin MacGinnis,Rams,2020,1,,142800,142800,0,,0.1%,,201159,201159,0
801,Brett Maher,Texans,2020,1,,142800,142800,0,,0.1%,,201159,201159,0
802,Taylor Bertolet,MIN/CAR,2020,1,,142800,142800,0,,0.1%,,201159,201159,0
803,J.J. Molson,Chargers,2020,1,,142800,142800,0,,0.1%,,201159,201159,0
804,Matt McCrane,Browns,2020,1,,142800,142800,0,,0.1%,,201159,201159,0
805,Sam Sloman,Titans,2020,1,,77882,77882,0,,0.0%,,109711,109711,0
806,Michael Badgley,Bears,2022,1,,277200,27200,0,,0.0%,,371730,36476,0
807,Rian Lindell,Buccaneers,0,1,,1005000,1005000,0,,0.0%,,0,0,0
808,Derek Dimke,Saints,0,2,,960000,480000,0,,0.0%,,0,0,0
809,David Akers,Lions,0,1,,1005000,1005000,0,,0.0%,,0,0,0
810,Kevin Goessling,Raiders,0,1,,420000,420000,0,,0.0%,,0,0,0
811,Jake Rogers,Dolphins,0,1,,420000,420000,0,,0.0%,,0,0,0
812,Carey Spear,Browns,0,1,,435000,435000,0,,0.0%,,0,0,0
813,Maikon Bonani,Titans,0,2,,930000,465000,0,,0.0%,,0,0,0
814,Quinn Sharp,Bengals,0,2,,930000,465000,0,,0.0%,,0,0,0
815,Carson Wiggs,Colts,0,2,,930000,465000,0,,0.0%,,0,0,0
816,Brandon Bogotay,Buccaneers,0,2,,960000,480000,0,,0.0%,,0,0,0
817,Rob Bironas,Titans,0,2,,6675000,3337500,0,,0.0%,,0,0,0
818,Jason Hanson,Lions,1992,4,,1995000,498750,375000,,0.0%,,0,0,0
819,Mitch Ewald,Broncos,0,3,,1530000,510000,0,,0.0%,,0,0,0
820,Jeff Budzien,Jaguars,0,4,,1530000,510000,0,,0.0%,,0,0,0
821,Andrew Furney,Jets,0,3,,1575000,525000,0,,0.0%,,0,0,0
822,Justin Manton,Ravens,0,3,,1575000,525000,0,,0.0%,,0,0,0
823,Jeremiah Detmer,Bears,0,3,,1576500,525500,0,,0.0%,,0,0,0
824,Jason Elam,Broncos,1993,4,,881500,220375,260000,,0.0%,,0,0,0
825,Lawrence Tynes,Buccaneers,0,1,,905000,905000,0,,0.0%,,0,0,0
826,Jay Feely,Bears,0,1,,955000,955000,0,,0.0%,,0,0,0
